{
  "training_start": "20250717_120839",
  "epochs": [
    {
      "epoch": 0,
      "timestamp": "2025-07-17 12:15:05",
      "train_loss": 0.05143963184968281,
      "train_cos_loss": 0.08333661448315963,
      "train_value_loss": 0.05143963184968281,
      "val_loss": 0.05143963184968281,
      "val_cos_loss": 0.016570455490697904,
      "val_value_loss": 0.012372356311408515
    }
  ]
}