{
  "training_start": "20250717_143554",
  "epochs": [
    {
      "epoch": 0,
      "timestamp": "2025-07-17 15:00:51",
      "train_loss": 0.04024146384476847,
      "train_cos_loss": 0.06600873371783676,
      "train_value_loss": 0.04024146384476847,
      "val_loss": 0.04024146384476847,
      "val_cos_loss": 0.022198483307996748,
      "val_value_loss": 0.01661638394646456
    }
  ]
}